Chester Weber;Povgunege;hol
Pauline Hines;Erutde;gif
William Robinson;Ekuhuire;cicbosse
Hallie Arnold;Copawoul;jarca
Louisa Roy;Buknapowi;okobe
Steve Reed;Mopkekso;ke
Frank Ingram;Isazofo;nis
Jackson Wilkins;Terecde;biabu
Michael Wilkerson;Cecigi;guujisi
Daniel Green;Zaffoit;tumwe
Alfred Alvarez;Jaaluvib;buksa
Allie Park;Gewvaknof;bo
Hilda Gross;Tinweva;wi
Eleanor Medina;Fumuhsol;evi
Inez Hodges;Lifawtiw;fe
Eleanor Paul;Udlara;datlurwej
Virgie Nash;Doplunba;ezahunep
Dale McCoy;Nuscafmez;udupauva
Noah McCarthy;Zuejavu;sadzape
Teresa Clark;Nithuchit;vendimav
Rena Swanson;Noforji;uvwun
Evelyn Rivera;Vogaimu;codip
Jeremy Fowler;Japlogcav;mihfetugo
Jack Wilson;Lejobizo;ru
Jay Cooper;Decdadus;er
Zachary Barrett;Runinum;voipu
Katie Santiago;Hagciru;nutor
Edgar Owen;Wahogetis;gimhub
Bobby Lucas;Pepufoeg;fewih
Jackson Edwards;Tadarazug;pawpa
Jessie Mathis;Egadifovi;pomti
Marian Keller;Puudisu;oje
Andre Parker;Sulozbun;ado
Rosa Blake;Hegcaet;jiw
Floyd Murphy;Mapfakuf;evgac
Elizabeth Gray;Paotata;canamsu
Mamie Jones;Goddesiko;zuj
William Manning;Pigubfij;vabahe
Gabriel Thomas;Afazapcek;iva
Polly Fox;Mebujet;mus
Dora Beck;Motobe;wukuda
Noah McGee;Wekegol;imcev
Wayne Moore;Tonijsij;ecufisa
Dale Moss;Ukdumah;pow
Marian Wise;Akidiwoh;tofturpi
Theresa Vargas;Ekutukwer;wibe
Micheal Welch;Lifukbi;uha
Myrtle Rios;Edzimel;duspemaz
Fred Frazier;Rehobi;hu
Troy Payne;Jewrecmu;gu
Arthur Paul;Samovfi;simbefkuh
Edgar Pope;Titubber;edera
Clifford Brock;Uvumunfav;urehki
May Allison;Sicunve;kubibu
Sophia Page;Vumficco;sul
Caroline Hunt;Tedokhoz;jow
Gregory Price;Jicezog;kekocih
Eugenia Cain;Usgulud;bapih
Nancy Gregory;Lalurvi;zifuz
Alvin Young;Neikme;umauzsar
Alfred Marshall;Tuzazus;ofufi
Sallie Guzman;Gitluvru;tigfu
Virginia Webb;Ojeputo;ce
Gavin Robbins;Bisezapa;jirpi
Eugene Pearson;Luduhahu;muvi
Mamie Wallace;Nevufa;fosto
Victor Stone;Alideuli;fac
Rena McKinney;Recenef;wiwzeh
Effie Douglas;Tubmujdu;oz
Sara Blair;Faroup;gapesa
Ryan Armstrong;Fuavuaw;uje
Walter Sparks;Vivlodpuh;mewwecap
Kate Ramos;Ijibamzan;lopitun
Landon Graves;Kelpoub;himefgiv
Ryan Ramos;Unpailo;zatejori
Larry Henderson;Ufveam;zoc
Nelle Montgomery;Tokula;dume
Belle Alvarado;Suuroz;itduwzih
Oscar Black;Ovzoesi;biluaj
May Hale;Jubtien;ducatti
Bill Austin;Bucwaszu;dilbihim
Emilie Richardson;Wahhaneha;nimrifze
Lina Joseph;Zediim;je
Winifred Fleming;Momamrad;tubez
Olivia Daniels;Cazinme;wi
Fanny Wright;Kuvhucuv;ik
Andrew Robinson;Femeli;ligewo
Kathryn Sharp;Deceaja;ejra
Vincent Cohen;Rigkarap;wa
Russell Garcia;Ofoilujul;mutni
Bernice Bailey;Guhisudoh;deziwopu
Amelia Poole;Ejiirejil;epzakuvi
Addie Grant;Pecfoci;jowraj
Mathilda Carlson;Hizfusen;muwaib
Dorothy Weber;Hojumule;jawioz
Birdie Craig;Vumigbuv;vebmisdu
Eunice Frazier;Cudjuta;ke
Luke Schmidt;Alezawa;put
Hilda Armstrong;Sufwuri;tipcu
Mario Elliott;Vasakim;lubodi
Dale Abbott;Babjovriv;ove
Jesus Matthews;Povazcof;cawuzer
Brent Casey;Popimo;iluisofi
Rose Mitchell;Josganap;hudne
Alexander Freeman;Cihvulad;jegij
Clarence Luna;Iwetidgin;fifzanhos
Chris Wilkerson;Wenzofu;vursa
Nancy Wood;Zowakas;jockus
Glen McDonald;Ewfamvu;co
Betty Thompson;Februthes;imdesaz
Lucille Barnes;Aviwucek;no
Steve Lowe;Agsavma;pancog
Amanda Lopez;Poksorwa;pojmiz
Mayme Bowers;Coefuti;riz
Allen Moore;Ebicke;viboko
Annie Howard;Wikwopwu;me
Josie Harris;Gowroda;vizes
Leo Hill;Vudepifo;kikma
Bryan Ryan;Rajosgof;soj
Marcus Fowler;Wamiora;sikijge
Ian Houston;Sihadsat;ocevo
Matthew Lane;Etalumup;muejo
Nell Lee;Nejinaz;luw
Randy Jacobs;Fomlunwil;vu
Marguerite Lowe;Zukbagam;leb
Tom Hodges;Leilafub;vulibnu
Rosa Cook;Mapupte;viizu
Ellen Aguilar;Upowejfem;hib
Ray Wise;Ififohi;saj
Flora Morris;Gidhehe;uhur
Edna Page;Forfaod;fetfoca
Evelyn Leonard;Zoeffa;meevu
Chase Summers;Voflupja;poflebi
Ina Gomez;Zopfiwmiw;hef
Jorge Powell;Sudwoctov;vip
Harriet Hudson;Cohuhsiz;werezseh
Rosie Sharp;Devuplow;ozrewe
Willie Baldwin;Fukuze;hohupoga
Randall Barrett;Jepbocibu;rob
Lilly Ryan;Ujbiba;arojasoju
Edward Foster;Vumkuhem;fa
Lester Francis;Evigemlev;bad
Pauline Obrien;Edaagba;ope
Cora Olson;Wuihoni;cema
Phillip Gross;Faeveimi;uci
Christian Ross;Vofsotozu;sijo
Nathaniel Robbins;Jatvomho;rebacji
Susie Norton;Cihodfic;rifhadi
Bertha Wilkins;Jaujigez;bujjesod
Albert Steele;Buhatse;hujwutmuz
Franklin Chapman;Nituha;jikge
Christopher Cortez;Efinepuf;fihe
Erik Reid;Okiodtup;egamewu
Claudia Logan;Tacbovi;vas
Jimmy Anderson;Teohegi;necmambu
Leonard Lyons;Bonrosu;has
Sallie Saunders;Bisawog;rijow
Violet Chambers;Rupabre;ovigina
Samuel Willis;Biklesker;riwouf
Edwin Davidson;Pukgikre;ojso
Erik Pittman;Fafmindi;macdi
Willie Martinez;Sascocsez;dipbij
Nathan Green;Zuiwke;mo
Derrick Erickson;Gumevi;ve
Logan Buchanan;Sakitsod;ubodi
Nannie Estrada;Tevuwavo;ze
Daisy Murphy;Onosagol;gahvi
Lelia Martinez;Topfoebo;ewew
Lois Mack;Loihmig;toze
Oscar Maxwell;Irhedjo;ci
Edith Becker;Gewutaje;ovo
Mae Norton;Newaolo;lovte
Lettie Butler;Honlojme;vedivif
Carl Lynch;Unozehceg;wehgiddu
Garrett Coleman;Haehonu;lubcos
Clara Douglas;Kenasar;heuzi
Todd Lindsey;Johjovi;piw
Chase Newman;Iheduke;ve
Emilie Sandoval;Pindemvip;ipgighub
Phoebe Moreno;Puzujlib;ku
Juan Reynolds;Uvifuvu;iloudemog
Norman Hampton;Kikovefi;izuaj
Antonio Gregory;Zievdaw;jurci
Susan Schultz;Dekudet;tajte
Patrick Maldonado;Nujabliz;libesof
Gertrude Fletcher;Upjenre;gurdoc
Jared Bennett;Lunutef;zumi
Martha Floyd;Dolonce;jowbuef
Nelle Murray;Sibrojhem;sopubiga
Lydia Schneider;Ruruliwi;ic
Dylan Adkins;Gabfebfov;humur
Stephen Newton;Gendecuc;wivwuneze
Rebecca Graham;Nuorhah;vab
Lawrence Ellis;Gicuwnu;gikuv
Mitchell Logan;Encodro;bo
Gavin Rice;Pumolava;mirubkih
Adeline Francis;Tudkarec;sitmuwlu
Kathryn Fuller;Tihilmiv;dargobu
Lewis Bradley;Fawaja;pokrenow
Caroline Stone;Najfawip;hommocuk
Johanna Johnson;Leacbap;gotun
Gene Gonzales;Agnorwot;nepa
Roxie Nichols;Sicrofiz;gipodzas
Genevieve Rose;Gewmufte;fibzule
Dominic Marshall;Gibizme;kel
Ollie Pittman;Umemozduv;siroz
Emma Harvey;Irouhzin;wucrus
Henrietta Wilkins;Mivtujic;jebkat
Jean Sanchez;Rakkacop;tigga
Louis Patrick;Jazozbug;iwo
Mitchell Stone;Hiucbil;puksa
Luella Campbell;Pigmawkum;taho
Harold Malone;Enasura;hacbuso
Jorge Jenkins;Neegused;luevwe
Marion Henry;Nufevariv;mi
Victor Meyer;Enegoifa;ozinibol
Glen Stone;Paubta;kiikeci
Lora Owen;Rawmuzem;lic
Hettie Parker;Tanesmir;locadlo
Matilda McKinney;Ipesahlo;da
Belle Morales;Pekvuseku;takibig
Isabel Marshall;Uhporulo;ku
Leona Haynes;Moehaacu;bakgu
Katherine Ramsey;Zobcipza;luhdo
Marian King;Iguudelov;ruabo
Glen Casey;Jafesa;ide
Landon Barnett;Walaru;doroivo
Gary Perez;Ajerempa;kekef
Julia Gregory;Ciutaet;vevlin
Sally Craig;Hagaguod;zelralaf
Cole Nelson;Belpaco;sufafo
Louisa Cole;Asulirog;tavelu
Thomas Newman;Dokvikba;ojik
Luella Gill;Hesgesjeh;nejohco
Marion Stone;Retwait;fewo
Frances Becker;Ehuoreem;ticu
Hester Rodgers;Hogotjen;kiccak
Millie Stevenson;Dejbuje;ci
Gabriel Hoffman;Wualiavi;kosatle
Sophia Griffith;Rokepoovi;mevdom
Dominic Ruiz;Tujatvug;fu
Jimmy Luna;Bozicuc;ja
Rosie Henry;Bevocka;suw
Brian Vaughn;Ruadgo;lez
Isabel Weber;Mumonso;nof
Joseph Floyd;Anokuwdus;tel
Alex McBride;Zuhkahru;ihukecid
Victor Wheeler;Capjeput;asu
Hattie McCarthy;Fomejzu;kihulho
Walter Summers;Cuavaoj;opkun
Mae Quinn;Copujame;gapfi
Roy Romero;Bowolica;gon
Marion Gonzales;Jiligo;cekufpu
Ophelia Sharp;Aksunbec;nes
Mollie Perry;Dunejlig;cabpiv
Franklin Smith;Ejfagome;nenatuha
Janie Lawrence;Teuniju;ife
Flora White;Jivedde;lakal
Leah Roberson;Juobidec;ri
Madge Bryan;Epkiwlu;lemin
Irene Lee;Otcuno;mobwak
Ronald Cross;Ozizujpew;fucaddi
Ethan Lloyd;Wokafe;su
Jimmy Jacobs;Lefuwce;et
Duane Huff;Laimap;ofivajug
Milton Lynch;Sehokup;ekavap
Craig Washington;Zonleeji;milvaw
Floyd Montgomery;Wisokid;raabahi
Andrew Dennis;Zoneszi;caruw
Nicholas Colon;Nefusik;ugosud
Dominic Parks;Wuajme;esnikjo
Amelia Burke;Lawuse;ici
Ruby Schneider;Hivmunu;neob
Eugenia Clark;Ijozagzo;uc
Roger Rodriguez;Fosemimo;howuun
Kyle Salazar;Ozuweani;asa
Lina Gutierrez;Jurikah;kiicros
Ina Rodriguez;Welarev;vusruop
Paul Douglas;Aticupruc;ra
Rosalie Warren;Abolko;katfiwe
Dora Bowen;Zalosnab;ges
Lela Gonzales;Azirobo;fortiwed
Leo Yates;Ariozito;wur
Charlie Mullins;Tikesevir;ofav
Jason Malone;Kiwkiiw;lim
Roxie Burton;Tehbitne;jeh
Ronnie Tyler;Hitbukim;onovak
Luis Haynes;Ujdefut;sidira
Nelle Arnold;Olopehej;ref
Clifford Farmer;Gofugag;hezlaovu
Carlos Martinez;Irezavmi;guzak
Belle Swanson;Dupbammo;ki
Iva Fletcher;Zacuwuk;vafbice
Dominic Ferguson;Kizojma;moobizet
Lee Cunningham;Vokusej;si
Alta Sherman;Eldudzej;baem
Addie Rogers;Zocehnol;bevukivi
George Gordon;Vizoej;if
Rebecca Rodgers;Bezkato;ifaed
Alice Torres;Pafdimoli;ol
Floyd Crawford;Fekzeoho;caliz
Thomas Hunter;Tejfozdab;ape
Alberta Carr;Bumpekro;hiiko
Derek Massey;Fofkerru;as
Clarence McDaniel;Henohi;sanhuro
Mary Newman;Fuwridem;ra
Danny Wright;Pualju;guranam
Julia Elliott;Urzozjo;besgem
Warren Huff;Rawurlam;rop
Annie Hubbard;Juwefiv;waijlo
Mitchell Robbins;Juumewi;kakoajo
Robert Lyons;Fafirose;dep
Delia Conner;Levnufi;pufcev
Harriett Mills;Cufmuhceg;sakoc
Maggie Taylor;Hicifsu;se
Nancy Padilla;Moumre;ko
Dustin Bryant;Etzibdi;ohce
Elijah Pearson;Itgeloh;zakpad
Martha Aguilar;Nobfile;delaz
Ina McCormick;Rezohab;nugu
Leroy Gill;Vogfuznew;at
Mollie Ruiz;Mefual;roh
Pauline Kelly;Amadavan;ora
Sophia Bass;Fesleposi;terefnaf
Hulda Barrett;Jenivu;tutfunip
Edwin Nash;Halurmol;li
Jerry McBride;Gupewvof;lu
Mabel Williamson;Isupufzif;cobpu
Callie Delgado;Zaonapak;mabarfo
Eugenia Burton;Jeffeobe;noovasum
Cornelia Dixon;Hezubbo;vas
Dale Moran;Ferjuuh;pugedoj
Leonard Riley;Emejoju;fijcizu
Cory Todd;Mamdain;su
Amelia Green;Oznozje;petjehi
Vera Bowman;Mokatsu;vupal
Lulu Adams;Fuktecug;eji
Minerva Johnston;Wuhuksu;gel
Jon Henderson;Kepajwo;bucna
Augusta Stewart;Vemvodem;gemeb
Genevieve Becker;Wuvuguwu;tejoj
Gavin Norris;Awkudac;wu
Cynthia Norton;Idehiko;wamoc
Jerome Olson;Jinoke;ugube
Jay Fuller;Jegfagce;lufti
Travis Hunt;Hazconta;dokwufuk
Lucinda Neal;Uwdikso;dajug
Nettie Hall;Wojmajep;zamit
Phoebe Castillo;Koredpir;kusnut
Hettie Howard;Alnolbo;miwida
Caleb Norton;Sukedid;idenabi
Cameron Diaz;Zozetjis;sas
Caroline Hicks;Luhuspe;sa
Georgie Guzman;Ambazfak;reore
George Hall;Ufconet;zowcat
Patrick Flores;Wokukbag;gitwase
Fred Malone;Orhismah;uzirho
Fanny Alexander;Jafsini;cam
Cole Willis;Mivahuwo;rod
Kevin Klein;Tuubafot;gir
Nathaniel Love;Reuhamo;horeziito
Alice Cook;Linbegle;gupa
Julian Flores;Motuomu;oz
Marc Nunez;Rujpubkiw;uwcum
Ellen Burton;Uzsevwi;zetego
Eula Rose;Rahifuune;zadrosiw
Edwin Strickland;Kecadhat;pegudbeh
Katie Mendez;Fatpije;ufafir
Mabel Stephens;Kabugto;zavus
Herman Roy;Ubegoduh;okpucuz
Amy Jones;Heakfa;rotew
Delia Alvarado;Zamimi;cuuz
Sallie Porter;Bofjikah;idzow
Marion Romero;Bonaja;uwe
Virgie Rivera;Mihuhe;juti
Beatrice Cain;Pihbutise;ibebon
Jeremy Wheeler;Rapsikwi;cekun
Charlie Stone;Ebkuef;nemtev
Isaac Conner;Cuksuzoc;jom
Barry Daniels;Wiunnef;gozpal
Sadie Figueroa;Iwigihale;po
Jesus Ford;Gazojgo;wupivnum
Leah Patton;Jocidak;hak
Jeff Pittman;Nulear;go
Nancy Carpenter;Alovaldut;baj
Lois Mason;Winkovfe;oca
Cody Lamb;Asdezco;sabaila
Rosetta Armstrong;Oliowidev;puwasaw
Duane Owen;Jehnuwfar;tu
Tommy Fletcher;Muvdoso;mur
Carl Harper;Vuworwu;un
Arthur Nash;Jetusjad;badutrac
Gavin Flowers;Ruvmezcu;lumka
Hilda Parker;Risruip;gof
Gordon Hogan;Wehkeili;kafwozmu
Rebecca Berry;Jeetubo;watel
Devin Drake;Gaemoli;baiz
Arthur Mason;Egoketgo;ucutudru
Kevin Marshall;Keludcic;jum
Mamie Hoffman;Divkodo;fot
Shawn McGee;Hecdulog;vabjahu
Marguerite Turner;Jafgaebu;curzelu
Darrell Parsons;Ettekdej;tehek
Francis Quinn;Zahijolaw;lepcawro
Jim Ingram;Werbubbe;pi
Herman Brown;Limsiko;hefal
George Wood;Kiluhat;dikzuku
Phillip Hughes;Ujfouhe;jathucco
Estelle Ryan;Ruthogaw;dukec
Katharine Gross;Bubabwe;upo
Kathryn Weber;Ziargu;topgobam
Harriett Robbins;Ihutsi;dijzufa
Shane Dunn;Dajebuv;ijrur
Eula Medina;Fetrepod;not
Lydia White;Iraduko;jeipu
George Gregory;Paizoif;puje
Harriett Haynes;Zamajha;agjebi
Ola Rose;Pehaksiv;okipewij
Sara Patrick;Dimelce;ru
Garrett Vargas;Fukumowi;me
Lura Barrett;Woekoti;kezoji
Alejandro Byrd;Azsisati;jancohojo
Thomas Wilson;Widhapjas;oma
Austin Cox;Dietas;kud
Rebecca Barker;Bakhilpa;fenut
Evan Wolfe;Lupluddi;gumbu
Sean Foster;Awewiko;farhud
Frances Palmer;Ronobvo;se
Mamie Hodges;Cepkezip;aba
Cody Murray;Utvagcis;ruved
Lawrence McLaughlin;Ruhacwa;dikov
Nora Stevens;Fofmilco;opga
Lydia McCarthy;Poshosah;emainvep
Logan Shelton;Ulijaga;nurhut
Sue Park;Iggenon;vorsetvo
Mae Olson;Guwupit;sogul
Olive Dean;Bosoopo;va
Violet Fleming;Ginnuged;diope
Estella Garza;Ruolga;dek
James Webb;Vozajpon;kiusno
Cecelia Bradley;Fatpammef;hefruhu
Joseph Strickland;Ubvuvpi;upduzul
Isabelle Austin;Nuofpad;haksanup
Mason Robertson;Egefecak;loztauji
Seth Carpenter;Uwpojbo;lasmik
Leonard Wise;Fowalunej;acje
Floyd Romero;Seraos;hahij
Andrew Phillips;Oneruzaw;gokih
Ethan Boyd;Educujfas;hawiwsoj
Tyler Hopkins;Fipzatip;wohcata
Lucy Swanson;Pizudu;gamopir
Noah Hammond;Tomaeg;nu
Wesley Baker;Wafnulpit;fehre
Sue Washington;Hirsitwo;zaih
Christine Barrett;Maboit;zil
Leila Cobb;Cagaka;efeofne
Margaret Hart;Iputecma;kat
Elizabeth Beck;Cowguim;gu
Sue Patrick;Letsowmem;herijci
Jimmy Lynch;Sisehor;nojiw
Virgie Miles;Rupepde;lirde
Gabriel Castro;Hitzotje;roztosbat
Hulda Bowman;Agosimun;bilufil
Dorothy McGuire;Jipakita;teciuv
Dorothy Lewis;Iglunew;jip
Ellen King;Kuufuaf;ref
Fanny Curry;Foajra;kicefi
Paul Silva;Roekge;tathec
Tommy Fuller;Tebjipo;imjaore
Jeffery Cannon;Kodzusom;gi
Eugene Perkins;Reiraar;catvetak
Vernon Lane;Weegpib;duni
Sophie Ingram;Dufsoowu;dokwidveh
Mason Roy;Sihhunevo;milokka
Francis Sims;Udasejet;wopi
Hester Roberson;Zoefiico;uh
Hallie Barrett;Gutife;ufco
Kevin Baldwin;Uccelze;itfak
Landon Yates;Parouco;vegzen
Alta Dennis;Bukebu;dafiv
Francis Santiago;Topsukpe;bofotu
Mamie Reyes;Cuvitoto;zomi
Ricardo Daniels;Sanlawiv;mu
Sylvia Morton;Netovgug;wueziim
Evelyn Boyd;Rarvocad;bahcuhrot
Carlos Newman;Opmurwud;cehulurej
Virginia Tate;Razlaoh;ke
Mable Welch;Houbaza;ep
Lewis Williamson;Onikapluk;runev
Mason Floyd;Etobic;cavkon
Jesse Williamson;Sitipor;si
Elizabeth Curtis;Agnapeki;cefokguj
Hunter Hines;Hievukoc;izivaw
Josephine Cox;Cukvezev;sej
Calvin Swanson;Ledehped;pasec
Kenneth Turner;Wiztecko;dopfu
Lucy Padilla;Duckikke;wekid
Blake Schultz;Nosnuntod;ne
Lou Morrison;Wihnoej;toz
Allie Weber;Zacuwci;jid
Cynthia Davidson;Searzih;so
Ivan Guerrero;Zerowu;alsu
Verna Sutton;Wunalul;gipaczaz
Tyler Dixon;Birpamen;jiprun
Ian Foster;Zojdaowu;hebuhoser
Ethan Jones;Ahabuwmaf;bac
Alta Vasquez;Honodso;tokohhe
Lillian Ortega;Luhevep;nupimli
Erik Pope;Erehijso;il
Dylan Morton;Lizoida;olima
Nora Burns;Bocpadag;bepegak
Bobby Foster;Viikso;bowkoh
Bradley Figueroa;Vikuiv;afo
Peter Collins;Kejeeva;difmuv
Stephen Washington;Ozopane;cih
Katherine Hansen;Esapusjok;ravebumo
Antonio Fitzgerald;Ehfiwsi;ibjirvo
Lena Thompson;Azoonen;aluar
Kyle Fitzgerald;Nagpoke;ek
Sean Nunez;Gociocu;udko
Vera Brock;Uznussub;did
Julia May;Ribnokebi;jaggulfov
Randall Aguilar;Vebnetet;hed
Polly Ramirez;Nusecof;tic
Emily Oliver;Fekoguc;lipufat
Johnny Hunt;Bozfavew;duavo
Victoria Perkins;Munisi;cakaf
Sarah Douglas;Zegfimdib;ovirevok
Stanley Barnes;Ruzpesu;ha
Earl Walsh;Uzbiwliw;vurzud
Phillip Curtis;Teujuco;hugeeru
Teresa Schultz;Kugurkug;milleh
Lucile Perkins;Hawozi;ofe
Grace Foster;Newovduf;pujretju
Elsie Wong;Divehe;cahwakiz
Pauline Torres;Kojhecad;cas
Ola Welch;Jecrebid;ema
Delia Romero;Igarwu;jezah
Barry Ramirez;Lapgumni;de
Mattie Clayton;Binbubif;ijjija
Aiden Moss;Niuweca;ofo
Gregory Cross;Nitetku;fepew
Alberta Sullivan;Riksinfu;bas
Marie Floyd;Tugbabpuf;udbel
Lillian Wilkins;Fiiteow;luf
Garrett Rice;Tecjanpa;pihhiv
Leonard Garrett;Zocnifun;ro
Carl McDonald;Jakdihcat;serena
Marc Love;Cesiwo;ukeuno
Joseph Ball;Zuhvuni;cohibos
Evan Austin;Jigicoz;hova
Steve Ryan;Utobomit;adocasloj
Fannie Hoffman;Ifariko;aj
Lilly Malone;Kogodmaf;udhoneti
Luke Perkins;Ucikapu;pecig
Josephine Bryan;Naanoehi;doeku
Max Ferguson;Kucevno;nezri
Della Greer;Lalabeg;um
Jeff Bowen;Ufafajo;et
Bessie Brock;Kuezage;vikeem
Dorothy Floyd;Zahugi;givrickir
Gavin Moss;Hituzsuc;wogona
Dominic Paul;Wacmavev;ligoglih
Francis McCarthy;Jofanne;wucize
Claudia Schultz;Tertolo;nor
Ola Dean;Piemez;asocol
Isabella Bryan;Ahiwafos;wucoha
Adam Malone;Ahlibtud;sagdan
Tillie Banks;Nefampog;afujwe
Cynthia Gregory;Agdifce;fop
Dustin McCoy;Itemomge;wa
Howard Cobb;Ojfeva;gob
Lawrence Higgins;Ulduvsi;huz
Aiden Bush;Tigajo;gif
Cynthia Carter;Gofube;kato
Annie Brown;Ujrajlim;uraba
Nelle Norman;Veolbuh;foinpo
Nathaniel Salazar;Miwocul;daf
Myrtie Ballard;Cehujon;epa
Alma Briggs;Egnocod;bergozam
Tony Riley;Matomi;ja
Calvin Woods;Birorvig;ridem
Amy Morrison;Rataoce;talnu
Henrietta Allen;Nunukag;na
Katherine Curry;Abdehge;sifimiw
Leroy Boone;Lecfenele;ruk
Shane Haynes;Cilnamid;ap
Herbert Washington;Mamdosuto;nu
Vernon West;Iziifonu;nub
Birdie Drake;Rihmehgul;us
Jason Dixon;Lagkadoj;bug
Billy Underwood;Laepfa;bijaje
David Diaz;Cihsadtot;sim
Jean McLaughlin;Januaj;eli
Laura Holt;Cuzudce;sempaaha
Lottie Stevenson;Voalako;umcoc
Joe Hart;Dajokhu;sirpedi
Hallie Maxwell;Vafike;bi
Margaret Bowman;Guduka;ihruna
Gregory Garrett;Pewsizup;ahofido
Mabel Nelson;Sanrozep;hislaztev
Rosetta Welch;Arteag;woteito
Shane Owen;Ritifsil;ipimim
Carolyn White;Faamufi;loduvan
Dollie Simon;Diwufvef;avuheh
Nelle Dean;Givilgib;rew
Chase Evans;Parlaraj;akawamuj
Susie Santiago;Ilbofvu;egizobhi
Sally Scott;Tazanuv;vagrugvug
Lida Castillo;Rutbekvep;ni
Jayden Farmer;Cakunen;calsov
Clarence Diaz;Wivibto;ve
Norman Buchanan;Mowohri;red
Steven Bradley;Podahnu;unzup
Mathilda Wallace;Uveaciot;wifdi
Carolyn Webster;Efgoheh;ala
Cameron Blair;Ehubopcus;rasfi
Ray James;Esapsak;ka
Shane Brock;Puvodovoj;we
Rosetta Townsend;Jebzelju;kupciaz
Austin Sandoval;Bicpiwlon;ehtozu
Hannah Paul;Muplekud;hizeji
Beatrice Perez;Vaduza;ibo
Antonio Austin;Burranma;kasun
Robert Reynolds;Maimbov;piwca
Timothy Bridges;Zefrokpi;zereg
Daniel Sims;Zadenidu;rajov
Derek Brown;Deebawi;luw
Timothy Saunders;Onfelol;be
Lena Carlson;Damoji;hefkoskog
Daisy Lawson;Ozhaso;jirsapog
Kevin McGee;Cusaut;juag
Tillie Jennings;Jorilot;wu
Lucile Martin;Waahaap;ojfi
Jessie Drake;Dohpabo;zuzanla
Lester Hernandez;Somfutti;teser
Charlie Weber;Ecasuhpu;sahori
Theodore Warner;Okapiktof;cuj
Aiden Lyons;Ivbawat;hanul
Chris Johnston;Hivine;muvut
William Newton;Avpize;fahobpal
Tillie Parks;Occaof;sis
Rose Owen;Ujutiez;hirpijer
Adam Flores;Sulkaure;ditzode
Cody Romero;Cucjegaz;covifda
Effie Manning;Lurofija;vupget
Jimmy Jefferson;Zicezig;lezalho
Steve Palmer;Jefero;uked
Cole Montgomery;Segjihge;mirbi
Janie Sanchez;Fafginjur;unmi
Ola Todd;Espifsab;ci
Frances Tucker;Tisotaba;hoh
Clayton Delgado;Zezerum;pik
Joseph Brady;Lapcine;soasa
Cole Mathis;Wercatro;vebe
Sean Alvarado;Mapvebaj;veppid
Vernon Ramirez;Jocuju;esegel
Robert Lopez;Amnolfo;boop
Lenora Anderson;Lakiam;sewremcav
Mark Guerrero;Nimbipve;upe
Timothy Rose;Tewkoep;jevcafbed
George Thompson;Abfefkoc;la
Tyler Padilla;Iggiit;titjakhu
Hester Fox;Arokiwab;fuakaje
Rhoda Little;Jugizdo;wokpisot
Sam Pope;Pemobaro;liw
Theresa Sims;Tusfimsez;gan
Gregory Medina;Gupgurud;neklot
Barry Marshall;Kubgedvok;giscud
Dora Curry;Asojawnok;af
Sallie Fleming;Memcasa;nifcu
Ruby McGuire;Kantuzroh;hurdig
Verna Hansen;Wedanfa;lap
Carlos Fields;Sipopova;osam
William Valdez;Umovikiz;imace
Jack Nash;Keduseli;zakro
Glenn Harris;Fufeli;rof
Ricky Estrada;Nizmedog;avpa
Marian Gill;Camvojfos;pecwala
Jeffery Reese;Bobedzar;nibdu
Isabelle Larson;Gacoropuh;are
Nelle Hale;Ugoupumu;ahpu
Mitchell Bates;Bogigo;lazir
Rosetta Simon;Fekezu;maliwu
Tyler Rhodes;Fahbuge;pikisamew
Florence Simpson;Hehero;hocirik
Terry Cox;Widowu;uv
Alejandro Warner;Rebwunac;atupotid
Lizzie West;Lazezo;feg
Adeline Park;Tifzoizu;vu
Ethel Harvey;Jeawwul;zoovhe
Emma Blake;Farsigan;izju
Gertrude Luna;Didumhol;wavpidpi
Bertha Becker;Uhiwugzel;ewgumoh
Gordon Berry;Jagnejza;ibcaro
Lilly Gomez;Fafweib;seisa
Roxie Ferguson;Ekwekug;sikjoc
Clyde Francis;Zirbofo;kapgi
Nina Gilbert;Ubumifir;pezabu
Jeanette Sutton;Jihivhos;ta
Ronald Morton;Tohmeosu;apceven
Timothy Fernandez;Tolaefa;gi
Cameron Wells;Wagpujta;bahif
Cynthia Pearson;Kerbomte;kid
Adeline Hall;Fokjunen;zagbogka
Amelia Wagner;Jagotec;wi
Lucile Cooper;Wihgibver;vugapdav
Jeffrey Dixon;Guclemuk;pem
Adeline Hughes;Vegzokji;ludzuc
Isabelle Welch;Gucuznid;luh
Alta Daniel;Ecdidol;wiocodis
Anthony Powers;Facdoraj;zoraaz
Jeffrey Rodriquez;Kikebvol;gurumu
Myrtle Ball;Jogiwow;mawel
Isaac Barker;Tojjamkat;gol
Hester Kelly;Cecofpi;ertun
Jesse Webster;Fimupan;cop
Louise Fitzgerald;Waufuga;wufa
Peter Warner;Selepkos;nerli
Violet Barker;Simrosaz;waudo
Nora Green;Diziabi;dim
Lilly Munoz;Hufife;zowma
Ricky Burgess;Bopgahon;epsuketu
Fannie Anderson;Logehiwob;rurosa
Susan Byrd;Laksokac;bewa
Chester Carpenter;Hickucma;ge
Theodore Webster;Zoghaaz;bap
Maurice Wise;Jonepvic;fuzoson
Adele Munoz;Docedujet;edmaki
Gertrude Armstrong;Diruvipo;jod
Craig Nash;Ozmevvam;woc
Georgia Lawson;Hajomdaf;ciz
Vera Munoz;Sedlugis;ov
Kyle Kelley;Debkobpi;wi
Johnny Watson;Sowlefmeg;jatituwam
Gordon Gilbert;Unkajis;siro
Isabel Riley;Ukfufu;wo
Ella Rodriquez;Walmeuv;cakbil
Ola Garza;Guneped;upiwif
Harry Glover;Bovalub;na
Esther Nguyen;Emozukuzo;ejuohco
Franklin Johnston;Fidsikuf;pukatse
Leon Simmons;Comirtir;fi
Seth Burton;Evitunoh;fekakef
Christina Bell;Mopbukje;ka
Carrie Fowler;Jekgutbe;fefguz
Leo Casey;Leupsif;babwamhev
William Clayton;Kunufed;lun
Julian Meyer;Nobhenu;coji
Dora French;Zevjifo;zu
Claudia Underwood;Fevefnev;soonukol
Charlotte Diaz;Pihucli;virsafcak
Dylan Maldonado;Fipwuve;gode
Alvin McKinney;Cocletho;uwohatar
Charlie Casey;Mutvevta;luz
Roger Guzman;Mifiduja;kulebov
Susie Ortiz;Kulzupzir;et
Elnora Lee;Roninmon;lubaero
Maud Thornton;Vofapo;amake
Tyler James;Aguwelpak;edtijo
Kevin Franklin;Ecnublus;akaor
Lillie White;Nifozief;gukciwol
Frederick Mendoza;Gukefkag;jiroke
Derek Massey;Pewukaemo;jatborwaj
Steve Jenkins;Hezwego;caona
Lucile Dawson;Wodcovco;vu
Vernon Matthews;Gavuraja;giro
Jack James;Ebheeni;tujaj
Jonathan Vega;Biwegoni;ro
Leila Morris;Usofetoh;ujuje
Mollie Ramirez;Guusiena;tekivvog
Helena Harrington;Abunoska;otto
Chris Lamb;Jamepeh;pes
Nell Powell;Rizzajca;wasep
Katie Ramsey;Cuebukeh;uvic
Eugene Larson;Buhredbo;beafa
Howard Padilla;Jikejpid;dimej
Eva Cortez;Pichomu;ri
Jeff Carpenter;Vegafezer;rimivik
Rebecca Hopkins;Zautze;gu
Owen Maldonado;Gifbohuj;vedvud
Christian West;Nitliva;ac
Christopher Young;Owredru;lucda
Pauline Collier;Jecvognuv;we
Isaiah Jacobs;Efuliaz;gepo
Lydia King;Janifbor;as
Augusta Jennings;Fofumur;zakjeoza
Jim Bowman;Mublino;tinule
Eula Hicks;Cewahi;moptivji
Adam Franklin;Ohoelza;az
Kate Gomez;Jengofe;je
Ollie Beck;Fowvohol;liwibalas
Ann Myers;Pusankel;ehbow
Jennie Walton;Inookja;evoz
Edna Gardner;Bejjukju;pukcas
Jon Daniel;Kelawimil;cez
Dominic Lynch;Igaemba;pagapozi
Lou Massey;Rocduaj;zid
Bertha Harvey;Ohoetaj;ordi
Minerva Alvarado;Ifecentuz;juksu
Michael Sims;Mawsudo;jek
Viola Cooper;Mazwinul;cawloghin
Jay Delgado;Ijefuwgun;vazov
Lee Hayes;Edcidub;izlurod
Mabel Brock;Sadagda;beg
Randy Caldwell;Mugmulin;vaw
Christian Jackson;Irzuwuw;weutre
Corey Alvarez;Tefokfog;get
Virginia Carr;Vikifam;gawiho
Leroy Riley;Peljawpu;vasog
Violet Swanson;Zecialo;venijtin
Sophia Underwood;Wibgirnuv;ukawi
Clarence Williams;Lisagtab;sadcuowo
Olivia Ballard;Amdiniw;mon
Nell Hill;Dukilire;umudigar
Martha Taylor;Hapanepef;saj
Lillie Townsend;Ruvebano;mil
Edward Matthews;Suanoc;nafgut
Edgar Copeland;Misizu;bowdo
Lewis Bates;Isujoev;also
Harold Hicks;Wojbamvi;zevuji
Jimmy Fuller;Zoevjiz;woud
Chris Jenkins;Achehbev;fa
Agnes Robbins;Guaneha;hujwom
Theresa Bell;Unsisoz;cewofihi
Rosa Medina;Wacfuwcan;sa
Sophia Edwards;Nutkifa;iwi
Justin Clarke;Imdomna;kejmooc
Christopher Walton;Hovmudo;kaup
Chad Bryant;Dopadtot;piivze
George Barker;Pilifpu;hoz
Ricky Bowen;Lujmame;duznogze
Franklin Perez;Lawadit;civa
Don Luna;Rorviobi;maspip
Charlie Graves;Lopdiba;du
Nathan Smith;Henofru;looviku
Amanda Patton;Ruzjagfu;waule
Joe Bell;Madlico;du
Nell Benson;Abenefih;pos
Rosa Lopez;Jizoviz;bozor
Luke Bryant;Hukeducu;hipihot
Scott Nichols;Cojobrim;ehtup
Myrtie Elliott;Novide;buvfi
Devin Love;Nuzidwah;cukokro
Rhoda Carson;Gejeffe;veleb
Brent Nunez;Corurok;ba
Nora Higgins;Ilmelhen;dik
Noah Smith;Zudhaptow;pijewu
Maude Hopkins;Mifolu;fuzel
Myrtle Knight;Loolizuf;hipoj
Nellie Mendez;Mecibhe;pu
Vera Alexander;Jiopeur;do
William Grant;Bimejeb;wohlufe
Josie Marsh;Iwhahek;id
Mattie Mathis;Gaamgow;pimomil
Myrtie Wise;Nuhpecda;pubkouha
Theresa Dean;Vuvigral;ci
Daniel Little;Obnafohu;el
Cody Bowers;Upgalero;egiwomof
Amanda Alvarado;Vomtadbi;tub
Earl Powell;Ipojudi;pe
Johnny Patton;Lehluru;sudelef
Augusta Walsh;Uzpihi;dajo
Hattie Figueroa;Pulejun;izuho
Carolyn Morgan;Bonpoec;bi
Mark Gibson;Tolkizus;zofoal
Sam Weaver;Ricgegmil;pu
Inez Mack;Hiwiice;jefcivo
Leona Hines;Jozospa;peubata
Gussie Phelps;Dukoape;ejotoz
Ivan Banks;Daflampi;biru
Craig Lopez;Amirepgiz;otka
Estelle Cox;Lawzara;numsajuj
Eugene Martinez;Suwapes;kikewzu
Jessie Rowe;Lusvawpab;ene
Nannie Gomez;Etuzizem;roezi
Jordan Wright;Fuhuvlu;iro
Lucy Love;Rojerih;uzeman
Scott Nelson;Gozuka;not
Lena Blake;Cewabij;hi
Dennis Richards;Iviologem;jij
Nellie Scott;Zitulen;opodor
Grace Ruiz;Geodipo;obgub
Lizzie McDaniel;Rolvace;wav
Phoebe Townsend;Pipabop;dec
Emily Wheeler;Dewpuhru;azeuno
Gavin Hamilton;Acwoima;menohvig
Christine Copeland;Livinu;abovun
Justin Mason;Jordolta;fi
Frank Sims;Vapodupof;faeka
Eula Ortiz;Bobavre;ogeka
Ivan Ramos;Fihesuki;hosiwjo
Brent Newton;Firami;umi
Calvin Dunn;Doerlem;ewledi
Virginia Santiago;Hacatjen;wiv
Glenn Todd;Juawcih;ge
Mario Mitchell;Puflouva;but
Mayme Harmon;Duwfejoz;kaca
Robert Torres;Cutkunkob;co
Myrtie Meyer;Wehcudug;kihjagut
Cora Estrada;Adidenumo;roc
Mayme Ramsey;Ihojra;za
Terry Mason;Voklecih;tamba
Vincent Quinn;Wafdiri;wuh
Pearl Baker;Fupsopal;omuwulsi
Isabel Allen;Lilelejip;to
Lulu Baker;Kozecu;solnu
Caroline Sandoval;Afgevoh;liwagno
Francis Warner;Sidiwro;se
Virgie Hale;Viketwek;efu
Fannie Jimenez;Seatuded;zekvuzedo
Olive Chavez;Uvtucu;radzaghuk
Myra Willis;Hibabro;soew
Viola Phelps;Uwujegup;luwledvi
Jayden Fields;Ohafaar;kefvupew
Albert Little;Iloodevu;abinopi
Augusta Strickland;Bagejeb;bo
Isaiah Jacobx;Letnaub;epzo
Annie Wolfe;Jobtemaz;joaw
Effie Porter;Nogfoki;culpa
Timothy Allen;Pumlokade;taibak
Genevieve Hunter;Ivunazu;tucve
Craig Vaughn;Ekijaop;sajkin
Cameron Terry;Pamadba;ner
Mattie Scott;Mewcupren;eja
Ray Fields;Cudsovbo;cife
Agnes Robinson;Zonode;boadmow
Joe Griffin;Womotve;vetsi
Jayden Smith;Voudje;pal
Laura Manning;Deokle;rikil
Tom Brock;Tetfodap;zoduc
Hilda Hubbard;Rundavid;so
Jeffery Hicks;Seremlac;weinuahe
Lettie Strickland;Sulajvej;pezgerik
Dean Cooper;Gegufidu;mimam
Rose Roy;Ecenomhe;dimo
Jeanette Duncan;Doscovhub;kerir
Harvey Parsons;Gujjekde;fare
Nannie Castro;Ibkamo;hepur
Gary Ball;Jimojo;duger
Augusta Nelson;Asavohug;si
Eugene Sparks;Ofrance;ez
Lou Alvarado;Vohrisup;kitfiser
Claudia Sanchez;Manrehep;wum
Rachel Garcia;Rigokoda;ker
Mario Cook;Biebkem;besjouke
Elmer Davis;Nonatot;sale
Evan Perry;Visifa;zi
Angel Bowman;Jelitne;nosuv
Garrett Fields;Vaukuki;zar
Ricardo Stewart;Towhukme;abiwa
Katie Nash;Kejpokog;sud
Verna Ross;Wukuvnuh;rennom
Blanche Alvarez;Lunefli;ifwazdu
Cynthia Campbell;Udoojto;inetowaw
Vera Peters;Piinsel;vulif
Joe Bradley;Saenanu;muotvos
Isabel Brooks;Inecekkup;oju
Georgia Fisher;Weszehgen;zeav
Franklin Blake;Zihfuti;oklum
Nettie Fernandez;Ugotco;wemimu
Andrew Shaw;Boizuaje;omewewwiz
Nettie Wong;Rekulco;tezanli
Katharine Floyd;Gumoksa;col
Adam Bowman;Puhafopu;ba
Alvin Powell;Mugiguvag;fiweblum
Seth Wilkerson;Unodirow;timit
Cordelia Higgins;Tifopco;jakpidgof
Cody Roberson;Lodbisaz;bod
Mattie Guzman;Ilsetih;musjirbe
Micheal Barber;Jepartuj;zohena
Blanche Diaz;Jecelha;vaca
Maggie Manning;Udoammi;ojvogo
Lenora White;Ovapaslu;vobiwot
Erik Lyons;Ihisibuj;gemjahib
Jesse Glover;Pavimuli;kadbo
Amanda Stephens;Itinoam;it
Rhoda Reid;Lozzodu;apita
Roxie Kelley;Totobke;bot
Martin Obrien;Bewnoen;ivaofuju
Bradley Sanchez;Vaizhal;upzodo
Eliza Washington;Gupzubguf;cuhjugu
Bernard Robinson;Domiici;rag
Mason McKenzie;Lakcozim;uri
Marion Mills;Elenahwuv;foow
Adam Holloway;Juazuuw;voaw
Franklin Larson;Bihsulo;haafi
Troy Hernandez;Rimgaral;omdo
Cody Jacobs;Nabaptew;go
Fannie Pope;Wuvtidef;oponaniz
Andre Horton;Tigooti;goar
Calvin Wagner;Afzuupa;za
Raymond Joseph;Mifbigha;uz
Lizzie Ortiz;Sekrubew;mevig
Luella Rice;Gijohal;nopzaluw
Ella Bell;Veseuza;baohudu
Lydia Graham;Tudajub;sid
Alma Alvarez;Adulosnav;ludus
Seth Reyes;Erioscu;radwad
Christina Patterson;Zuhwidcil;vipecu
